"MLS_NUMBER","ADDRESS","CITY","STATE","ZIP","PRICE","STATUS","TYPE","AGENT_CODE","OFFICE_CODE","DESC"
"760","87087 Merritt Isle Apt. 893","Tonytown","AZ","81521","1650","For Rent","Residential","399131779YH7","6667616Q8","Perferendis id optio quo non. Ratione corporis perspiciatis itaque quos ullam quo quae.
Cum ducimus voluptate odio totam aliquam culpa ea. Quos quae perferendis fugit.
Ad similique eligendi ut quo eaque vel enim. Dicta nihil quos facilis sapiente repudiandae quam alias dolore. Distinctio nam perferendis dolorem repellat deserunt cum mollitia.
Doloribus voluptatum id ut atque omnis expedita. Quam aperiam explicabo incidunt commodi. Delectus ad voluptatibus consequatur saepe asperiores molestias id."
"26530","224 Holt Knoll","North Angelamouth","CT","30532","218000","For Sale","Apartment","8113441629DB5","143055320VB5","Aut debitis inventore debitis unde veniam consequatur. Odit officia laborum porro necessitatibus pariatur. Delectus doloremque architecto quod aperiam eveniet sunt. Et blanditiis eum beatae tempore quidem eligendi deleniti."
"632","494 Jeffrey Corner Apt. 355","Elliston","NV","17032-0685","267000","For Sale","Residential","764224I3C5","958WY8","Animi in debitis vitae. Eligendi repellendus reprehenderit architecto harum labore similique. Fugit ratione vero natus. Aspernatur minima aperiam assumenda."
"7692271","236 Williams Crescent Suite 143","Ramosstad","AL","28268-5831","1950","For Rent","Residential","970018E1P4","143055320VB5","Veniam rem."
"754","00466 Brown Spring","Jonesborough","MS","19540","437000","For Sale","Apartment","8821C4","195E47","Quibusdam incidunt aliquam eaque at atque."
"4","14811 Martinez Avenue Apt. 103","East Jessica","MI","19359-3496","1400","For Rent","Apartment","375712867AN8","195E47","At tempora eius ipsam iusto perferendis. Consectetur ratione deleniti architecto deleniti eius ut. Praesentium veritatis occaecati doloribus illum. Expedita totam culpa rerum quos hic error.
Doloremque fuga eaque enim earum dolor deleniti. Veniam at officia beatae repellat voluptatibus sapiente ullam. Doloremque omnis laudantium consectetur porro. Nemo harum maxime est nihil deserunt cupiditate deserunt."
"31482","925 Kirby Village","Edwardsview","WY","42693","1550","For Rent","Residential","764224I3C5","958WY8","Nemo ipsa ab non fuga odit est. Velit harum veniam odio. Nihil fugiat corporis neque doloremque cum."
"1","284 Bautista Gardens Apt. 269","Johnsonfort","WV","36411-0042","178000","For Sale","Residential","764224I3C5","958WY8","Soluta provident et omnis unde. Ipsam quaerat repudiandae doloribus eos. Voluptate dignissimos cupiditate dolorum."
"5","112 Pugh Inlet Apt. 938","Fleminghaven","RI","24991","340000","For Sale","Residential","60336QA7","143055320VB5","Aut in qui vitae nostrum optio architecto quasi aliquam. Commodi vitae veritatis debitis quod ullam sint assumenda. Magnam sit nesciunt saepe asperiores.
Doloribus nesciunt autem cumque quis nesciunt. Vitae nemo dolorem qui harum. Facere magnam eligendi veniam sit corporis. Rerum iusto amet similique delectus."
"9","1467 Hanson Haven","Port Sheilastad","MD","53528-0300","1800","For Rent","Apartment","97H5O9","958WY8","Minus animi fugiat possimus suscipit perferendis. Dicta fugiat vitae deserunt aliquam quod officia aut."
"43434","5414 Bolton Shore Apt. 478","Brittanyborough","GA","92232-6293","417000","For Sale","Apartment","764224I3C5","958WY8","Inventore cum soluta earum sequi eum quasi nihil officiis. Sit repudiandae aut rerum debitis id sunt facere harum.
Sint necessitatibus tempora nobis quo eos ipsam minus. Ut quod ad hic quisquam non. Ex nisi itaque dignissimos maxime illum minus recusandae. Saepe quisquam aliquid pariatur adipisci blanditiis laudantium possimus sit.
Placeat amet fugit voluptas soluta sapiente hic. Aut vitae alias facilis non harum culpa maiores. Nemo odio incidunt dignissimos fuga laboriosam magnam sed. Facere dolorem beatae cupiditate eligendi laboriosam sint distinctio.
Assumenda at atque est a et. Ullam quo ipsa necessitatibus quod. Aperiam aliquam illum minus ipsa perspiciatis."
"324287","211 Carpenter Causeway Suite 322","Pierceshire","VT","99443-1604","750","For Rent","Apartment","248Z8","6667616Q8","Accusamus quidem sequi voluptas perspiciatis."
"745656","797 Alan Views Apt. 142","Courtneyview","CT","26677-4896","1300","For Rent","Apartment","961465848C7E5","332123667RP3","Maxime corporis molestias saepe quaerat. Repellendus ratione iure quae totam exercitationem quis. Praesentium corporis quo quaerat sint illum. Nam doloremque labore ratione sed.
Earum soluta ipsam veniam quasi officia vitae. Distinctio unde accusamus dignissimos mollitia qui alias nobis magni. Dicta vitae praesentium iusto veritatis dolor eum ipsum veniam. Laborum quam maxime in optio blanditiis in ratione."
"20409","55127 Berry Prairie","South Brianmouth","SD","71484","900","For Rent","Residential","375712867AN8","195E47","Deleniti esse culpa eligendi aspernatur. Voluptatibus voluptate debitis eaque esse impedit temporibus.
Aut modi molestiae aut esse. Sequi laboriosam maxime ad deserunt fugit dolore. Libero exercitationem ratione quia quia similique aspernatur.
Consectetur enim deserunt exercitationem a veritatis voluptas ut. Dolorem unde enim fugit officia sapiente placeat accusamus. Nulla magnam corrupti porro iure delectus.
Inventore minima quod modi quasi nemo veritatis. Expedita odio dolore delectus veritatis repudiandae. Soluta esse iusto doloribus molestiae non magnam.
Architecto et perferendis quae animi optio. Odio sunt accusamus voluptate porro distinctio. Voluptate aperiam tenetur tempora dignissimos est placeat odio.
Culpa sit fuga quia. Eaque velit aperiam fugiat cum eum pariatur quidem. Adipisci iste quae dignissimos esse. Ipsa ratione officiis quas quibusdam."
"2","01647 Fleming Extension Apt. 274","Lake Jefferyberg","CA","90220-1093","313000","For Sale","Apartment","33303R9O2","6667616Q8","Quae consequuntur sapiente dicta velit iure. Assumenda voluptates neque itaque rem laboriosam cum. Molestiae expedita quae soluta.
Autem consequatur voluptatibus temporibus culpa rem itaque ratione. Voluptatem aperiam repudiandae nobis voluptatibus nesciunt. Ut numquam deserunt repellat sapiente. Sapiente ad quibusdam fugit recusandae tenetur nulla. Ex ipsa illum sint aperiam explicabo porro.
Odit aut voluptates pariatur quae ipsa. Debitis inventore quam veritatis velit optio. Ducimus ipsa magnam et porro. Nostrum harum nulla dicta doloremque ea aliquam magnam.
Doloribus at quod eum consequuntur facilis similique. Deserunt quisquam laborum veniam laboriosam perspiciatis nemo. Voluptatibus qui esse quisquam unde eos."
"8","19266 Anthony Dam","New Wandaburgh","GU","53338","650","For Rent","Apartment","399131779YH7","6667616Q8","Illum libero soluta quisquam nihil accusamus. Voluptatem fuga libero delectus nesciunt ipsum quisquam. Asperiores itaque nesciunt architecto quia sit possimus. Quod ab repellendus aspernatur rerum rem voluptas vitae."
"7659","05338 Sandra Terrace","Paulatown","MN","26495","175000","For Sale","Residential","6105355M7","958WY8","Minus maxime doloremque explicabo beatae rerum eos magnam. Accusamus non magnam sint maiores praesentium dolorum adipisci. Veritatis numquam voluptate a porro error sunt laudantium molestias. Magnam fuga corrupti magni vitae repellat consectetur. Aliquam pariatur dolorum et provident enim."
"383","171 Randolph Fork","North James","NE","01677-4239","402000","For Sale","Residential","97H5O9","958WY8","Officia sit facere aliquid deleniti cupiditate a odio. Possimus vel sint rerum possimus dolores autem neque. Fugit temporibus quidem asperiores iusto cumque vero."
"2","07985 Hale Stream","Jonathanfurt","MD","63565","273000","For Sale","Residential","399131779YH7","6667616Q8","Numquam necessitatibus dolor voluptatibus. Provident in in mollitia vero eius dolorem. Modi eius iste libero. Voluptatem maxime saepe reprehenderit deserunt vitae dignissimos.
Qui vero eum unde provident saepe ullam. Quod reprehenderit provident fugit sed quo ipsum. Rem recusandae vel sint quia. Error mollitia laboriosam saepe eaque vel odio modi.
Est earum aspernatur cupiditate provident ex. Voluptatum aspernatur quod ullam reprehenderit placeat maiores dignissimos. Magnam animi quis sed voluptate ad vitae suscipit nesciunt. Pariatur illo ad vel ad ad consequatur. Ratione sapiente perferendis voluptas dicta quisquam molestias fugiat possimus."
"35078","7144 Shaun Key Apt. 220","Johnfort","OR","88299-1607","124000","For Sale","Apartment","8113441629DB5","143055320VB5","Mollitia facere consectetur excepturi consequatur esse voluptatem earum. Minus ipsa harum atque ex. Repudiandae aperiam tenetur quisquam deserunt. Atque tempora saepe nobis distinctio placeat quis.
Quis aliquid voluptates impedit id officiis. Exercitationem amet quae corrupti doloremque saepe recusandae. Tenetur temporibus exercitationem ex rem tenetur facilis velit expedita."
"797218634","1727 Emily Neck Apt. 607","Port Scottfort","AK","94042","1900","For Rent","Apartment","8113441629DB5","143055320VB5","Neque porro id deserunt id placeat odit sapiente. Minima eius quod est dolores saepe. Aperiam iste nisi totam. Tenetur laudantium officia possimus autem."
"4906","58053 Lopez Camp","Lake Lindabury","UT","04367","750","For Rent","Apartment","219731476FV5","958WY8","Molestiae quas eos non. Ad excepturi corporis temporibus debitis odio odio neque. Et iste amet nostrum modi non ipsam."
"1","742 Bradley Rapid Suite 496","Christinemouth","AS","64730","1100","For Rent","Residential","142345E9J2","958WY8","Quo beatae assumenda at culpa voluptatum fuga expedita accusantium. Dicta dolor quos officia perferendis natus eveniet soluta. Voluptas aliquid odit nisi commodi sed fugit provident. Hic adipisci reprehenderit in voluptatem magnam in consequuntur.
Autem voluptates amet nobis accusantium. Consectetur unde quo repellat porro nostrum voluptate. Expedita earum sit illo. Quis alias beatae minus est modi dicta sed ipsam.
Ducimus in libero itaque ea tenetur sed. Necessitatibus quasi ad dignissimos iure. Modi odio numquam similique iste quia. Tempore quidem fuga explicabo sunt voluptate ratione voluptatibus.
Accusamus velit vero a. Impedit optio eius adipisci omnis. Sed voluptates cupiditate ipsam iste sit libero ex."
"273145485","67742 Joseph Bridge Apt. 498","Lake Lindafort","IA","65323","1650","For Rent","Residential","961465848C7E5","332123667RP3","Cum quidem minima natus fuga quo blanditiis. Debitis culpa quia quaerat minus. Saepe est eius eum error laboriosam."
"9063604","62863 Collins Shores","Jeffburgh","HI","73628","310000","For Sale","Apartment","6105355M7","958WY8","Voluptates error labore vero nesciunt facilis amet iure. Sed asperiores reprehenderit fugiat provident ut blanditiis excepturi. Qui iure harum consequatur tempora. Magnam temporibus exercitationem ipsam quo aspernatur."
"3","1568 White Rapids","Port Emma","CT","21460-6462","1250","For Rent","Residential","788C2X1","195E47","Autem necessitatibus quis voluptatem. Neque incidunt amet sapiente optio. Nihil voluptatibus in sint quis."
"20204557","40622 Caleb Vista","West Jacquelinefort","CT","01045","164000","For Sale","Apartment","375712867AN8","195E47","Quidem modi deserunt quae praesentium. Tempore nisi expedita temporibus. Ab voluptatum sunt omnis. Officiis saepe harum dolores nesciunt rem porro.
Unde accusamus temporibus dolorem. Voluptate cum voluptates pariatur unde. Neque veritatis alias ipsum sequi porro qui eligendi. Eligendi debitis impedit officia architecto.
At minima excepturi quibusdam sequi neque. Quod deserunt consequatur quisquam voluptates repellat.
Praesentium nostrum nam assumenda a aliquid soluta nisi eligendi. Minus esse numquam tempore doloremque. Explicabo magni accusantium et.
Deleniti possimus dolores provident aspernatur tempora fugit. Voluptates quos quos dicta placeat. Provident amet beatae deleniti facilis odit laboriosam. Unde ex iste consequuntur error tempore sed. Culpa magnam nobis sit iure."
"34821","349 Young Drives Suite 194","New Frederickhaven","OR","72858-5651","406000","For Sale","Residential","6105355M7","958WY8","Blanditiis quae debitis ipsam ex. Error provident sequi reiciendis delectus aspernatur nulla aperiam omnis. Eligendi numquam iusto ex. Nemo autem error quaerat voluptatum odio minus ratione dignissimos.
Voluptas eum quidem aliquam eum vitae. Soluta libero sapiente tempora dicta. Soluta veniam impedit dolorem dignissimos."
"376","582 Cheryl Groves","New Jasontown","MH","73310-7561","342000","For Sale","Apartment","6105355M7","958WY8","Mollitia deserunt voluptates voluptatibus delectus temporibus quaerat. Cupiditate pariatur vel consequuntur nulla voluptatibus ullam asperiores. Fugit tempora porro vero vitae dolorum maiores architecto. Iure quae sapiente reprehenderit nostrum amet. Iusto est tempore suscipit alias repudiandae officia.
Architecto nulla laboriosam quo maxime sed deserunt soluta. Corrupti quaerat excepturi doloribus consequuntur. Nesciunt ullam vel quasi quidem eum necessitatibus."
"73481","8628 Ibarra Lights Apt. 514","Silvaview","UT","63542-0312","292000","For Sale","Apartment","8113441629DB5","143055320VB5","Repellat asperiores quos quam est quam. Magnam sint consectetur iste vero officia tempora facilis. Tenetur accusantium porro dolorum atque.
Tenetur nihil nihil quaerat numquam animi. Aliquid ullam ratione aperiam repudiandae ea. Velit minima sunt laboriosam aperiam corrupti.
Nemo nulla modi itaque id saepe laborum accusamus. Omnis eaque corrupti unde eius assumenda. Praesentium eius repudiandae officia eaque nam.
Aut tempora aspernatur officia tempore velit. Alias reiciendis quia corrupti non excepturi.
Vel doloremque quae neque sint aut qui. Quo deserunt nemo laudantium esse error eligendi. Voluptatum odit pariatur neque cupiditate nostrum quis. Quibusdam ipsa dolores facere magnam non quis sequi."
"707750151","1068 Mcpherson Pass","New Michaelfurt","NV","36284","104000","For Sale","Apartment","961465848C7E5","332123667RP3","Libero nesciunt omnis quod distinctio. Rem quam in aliquam facilis reprehenderit placeat animi. Nisi neque in praesentium nisi et.
Fuga fugit maiores cupiditate aliquam consectetur dolorem dolorum quibusdam. Nostrum error consequatur maiores aperiam. Dicta earum modi totam alias.
Pariatur debitis veritatis nisi blanditiis eum veritatis natus. Vel hic quos amet repudiandae voluptas. Soluta dolore unde incidunt eum.
Distinctio modi doloremque beatae. Illum tempore nesciunt delectus voluptatum error quas.
Est sint occaecati labore rerum omnis. Tenetur quidem unde nobis quos.
Illum neque modi ad enim quos quasi id. Fuga animi sapiente quidem laboriosam iusto eos ab. Aspernatur earum doloribus inventore asperiores id dolore. Optio inventore voluptatibus consequuntur culpa."
"711219","868 Carr Throughway Apt. 545","Port Ian","GA","10544-4527","289000","For Sale","Residential","97H5O9","958WY8","Error quaerat quasi doloremque beatae corrupti ipsa beatae. Nobis alias odit maxime omnis.
Sapiente eligendi repellendus provident commodi. Mollitia repellendus vitae exercitationem ducimus illum quis odio fugiat. Nam expedita distinctio quis occaecati. Sunt itaque reprehenderit nesciunt facere harum quia natus.
Non deserunt laudantium ab voluptates asperiores. Illum quidem veniam veritatis vel sed.
Autem recusandae laborum inventore vero dolor sit tenetur. Est ullam vitae at minima cumque tempore dolores laborum. Nisi quae accusantium quod amet. Veniam nemo facilis quibusdam.
Eveniet et doloribus quam reprehenderit. Numquam et fugit architecto provident porro. Quam perspiciatis fuga voluptates.
Neque blanditiis alias quia facilis dolorem. Iure eveniet velit doloremque modi facilis. Quo quibusdam sequi dicta culpa amet porro.
Odit quasi quo excepturi quia suscipit. Beatae corporis sit omnis vel. Minima harum tempora suscipit vitae laborum omnis."
"1869625","00684 Morgan Road","Lake Wendybury","VI","90266","333000","For Sale","Apartment","4732GB8","143055320VB5","Ad ad aspernatur dolorum atque. Consequuntur minima architecto numquam cumque labore. Fuga ad amet molestiae minima. Dolores blanditiis aspernatur reiciendis alias.
Rem blanditiis dignissimos incidunt odit. Consequatur doloremque nobis dolores aliquid aliquid. Rerum sunt nobis eum accusamus. Accusamus quae consequatur necessitatibus eos excepturi eos.
Ex incidunt consectetur repellendus excepturi nobis autem eos nam. Assumenda eveniet fugit quis eum optio velit fuga. Recusandae ex possimus numquam maxime impedit optio. Sapiente expedita voluptates facilis eius deserunt consectetur accusantium veniam.
Consequatur explicabo earum reprehenderit quidem officiis praesentium. Atque aliquam itaque expedita quo saepe. Suscipit temporibus eveniet ipsa occaecati ad corporis."
"157","104 Alan Pass Apt. 051","New Jacqueline","TN","02093-0878","194000","For Sale","Apartment","33303R9O2","6667616Q8","Eligendi voluptatem autem pariatur tempora nostrum. Autem dolorum quasi laborum quibusdam error aperiam ullam. Earum in dicta ullam sunt necessitatibus repellat.
Molestias cumque blanditiis reprehenderit libero. A tempore quos eos unde. Consequatur odit enim possimus blanditiis.
Reprehenderit omnis occaecati iusto officia voluptas aperiam. Perferendis molestiae laboriosam distinctio id. Ipsa molestias dolore aspernatur iusto expedita. Corrupti quam mollitia nemo ducimus provident ullam dolorum voluptates.
Fuga nostrum dolorem dolor quos quos. Corporis numquam necessitatibus blanditiis beatae nostrum odit dignissimos.
A provident inventore recusandae vitae facere ad repellendus rem. Animi nesciunt aut nemo labore optio asperiores praesentium ratione.
Iste vero nisi debitis voluptatem consequatur molestiae. Hic labore ad facilis deserunt reprehenderit accusantium. Numquam corporis perspiciatis nesciunt ex ad illum. Eum itaque aut dolor culpa sed sint."
"82418225","00893 Katelyn Centers Apt. 828","West Amyburgh","NH","18879-7517","482000","For Sale","Residential","4732GB8","143055320VB5","Corporis praesentium doloremque impedit id expedita magnam architecto illum. Ipsam quas eos incidunt mollitia. Sed nisi aperiam et ducimus.
Molestias delectus ducimus nisi. Inventore eius optio numquam consequuntur dolores architecto possimus. Cum corporis cum asperiores.
Quae ipsam suscipit sit labore illo iure. Eos illum omnis mollitia ullam amet.
Possimus inventore nesciunt repudiandae dolor quidem. Eveniet dolore maxime voluptas molestiae est. Saepe cumque praesentium quo corrupti eveniet doloribus officia.
Consequatur illum facilis ad veniam inventore atque magni. Quisquam magni voluptates autem pariatur sequi. Sequi dolorem illum perspiciatis corporis illum consectetur.
Explicabo earum nam sequi adipisci dignissimos. Architecto quidem magnam quasi in numquam occaecati. Deserunt eos veritatis officia molestias repellendus exercitationem minima dolorem. Voluptatibus rerum dicta excepturi."
"72758","6689 Laura Passage","East Melissachester","PW","95959-3306","380000","For Sale","Apartment","248Z8","6667616Q8","Debitis delectus a voluptates nihil."
"39764478","42043 Sarah Station Apt. 856","Lake Blake","IN","49980","1550","For Rent","Residential","33303R9O2","6667616Q8","Ipsam quibusdam laboriosam quos molestiae quo laboriosam. Molestiae dicta ad recusandae id sapiente. Deserunt veritatis occaecati ea.
Totam architecto ab tenetur architecto. Enim eum veritatis commodi ipsum inventore quod repudiandae eveniet. Neque corporis sequi perspiciatis eaque. Voluptates inventore at facilis maxime incidunt at amet voluptates.
Laboriosam quas eos repellat similique recusandae sed. Sint voluptatum blanditiis aliquam magnam doloremque modi molestiae. Voluptas expedita ipsam officia enim inventore nihil."
"3124801","8575 Caldwell Lane","East Michaelshire","WI","73781","600","For Rent","Apartment","219731476FV5","958WY8","Fuga voluptates dicta aliquam quas."
"5","3774 Brandon Drive","Jonesshire","PW","01170","235000","For Sale","Residential","8821C4","195E47","Quo cumque illum animi ut quidem quo. Debitis dolor temporibus voluptatibus tempora facere quae. Atque vero quibusdam cupiditate. Eius sint quod quisquam.
Soluta nemo non quae. Impedit eveniet asperiores quibusdam odit ad nihil cumque. Reprehenderit quos sequi expedita quam perferendis pariatur est nulla. Tenetur sint atque doloremque sed nihil.
Totam enim rem eaque eos recusandae dolore dolorem iste. Reiciendis accusantium itaque corrupti architecto eius. Voluptas suscipit velit esse eaque minus. Suscipit mollitia reiciendis et saepe.
Eos neque ipsam quibusdam omnis. Recusandae tempore quae impedit ullam maxime saepe.
Saepe eum perferendis officiis at. Sapiente culpa quasi consequuntur eius ducimus quas iusto. Minus magnam eius qui harum eveniet."
"3","55038 Brenda Divide Suite 539","Angelaborough","WI","20622","800","For Rent","Apartment","961465848C7E5","332123667RP3","Ducimus soluta soluta dolore illo earum. Velit at perspiciatis repellendus architecto sit. Fugit fugit eveniet dolore autem harum. Corrupti autem vitae porro debitis nesciunt velit.
Temporibus commodi nam tempore exercitationem harum. Cum porro deleniti dicta explicabo amet. In in dolore tenetur ipsum architecto corporis sapiente. Saepe quaerat atque quo eligendi deserunt esse occaecati doloribus."
"11343638","3368 Mary Via Suite 288","Barnesland","PR","41690-5190","106000","For Sale","Apartment","8113441629DB5","143055320VB5","Tempore consequuntur cumque fugiat aliquam quasi illum incidunt. Perspiciatis dolores optio doloribus voluptatem qui tempora consequatur."
"6","799 Carla Ferry Apt. 240","West Michael","AL","69615","326000","For Sale","Apartment","60336QA7","143055320VB5","Labore excepturi delectus deserunt a ratione. Id maiores dolorem quia officiis veniam. Iusto cum ipsa sed explicabo facere. Totam quam tempore dolorem cumque inventore.
Adipisci exercitationem ipsum voluptates voluptates fugiat numquam corporis. Quia vero perferendis aut at. Reiciendis nihil voluptas iste laborum reprehenderit. Numquam unde ullam necessitatibus consequuntur ducimus quae architecto.
Odio quis magni at. Exercitationem voluptatem occaecati ab deleniti harum iusto velit. Vitae vel laudantium nostrum distinctio cum in atque.
Vitae asperiores minus accusamus in enim minima. Quod incidunt temporibus quis dolorum laboriosam rem. Fugit quasi nisi deleniti deserunt ipsam delectus."
"8512070","8565 Wang Village","Fisherland","PA","32554","1050","For Rent","Residential","97H5O9","958WY8","Mollitia sint perspiciatis explicabo natus amet. Odio modi ipsam nesciunt. Vel laborum officiis blanditiis aliquid veritatis veniam quidem.
Provident reiciendis vitae mollitia deleniti iste doloremque pariatur. Ad perspiciatis recusandae minima voluptas quas delectus. Cumque suscipit quae cupiditate repellendus neque. Nobis doloribus saepe voluptas amet veritatis dolorum.
Ad culpa dolore ducimus facilis. Aut sequi illum quasi eius nostrum nemo. Placeat soluta unde deserunt voluptas ex odit. Saepe rerum cum molestias mollitia asperiores.
Voluptatum magnam cupiditate sint ducimus aliquam. Officia pariatur eligendi odio nam molestiae nobis eligendi. Distinctio aliquam fugit nesciunt asperiores. Qui eius quam soluta quia tempora.
Vitae similique eos magni quod ut repellat. Aut quis cum velit explicabo. Quod veniam iusto aperiam vitae corrupti. Ducimus eum vero voluptatibus."
"3194724","7288 Cynthia Plain Suite 550","Cassandramouth","SD","92933","341000","For Sale","Apartment","764224I3C5","958WY8","Maxime repudiandae aliquam aut odio dolorem illum officiis. Consectetur magnam tempora iste dolorum laborum aliquam nemo repellendus. Aliquam libero quo saepe nihil tenetur. Veniam similique quod necessitatibus.
Doloribus ad dolor autem laboriosam fuga eius. Aspernatur enim dolorem totam temporibus esse occaecati. Velit quis rerum asperiores sapiente veniam soluta. Nemo accusamus architecto officia.
Excepturi modi cupiditate facere voluptatum. Ut placeat quos exercitationem ratione adipisci. Officiis amet officiis numquam labore quo. Iure deserunt recusandae nemo architecto nemo inventore.
Iure officiis voluptatum accusamus atque suscipit. Animi fuga eum blanditiis dolore mollitia. Quis accusantium dicta occaecati quos sit fuga quasi."
"485323","92819 Holland Isle Suite 878","Martinezmouth","NC","12519-9566","850","For Rent","Apartment","33303R9O2","6667616Q8","Odit provident quisquam possimus omnis quis sapiente. Error illo dicta laudantium fugit iure hic. Saepe possimus praesentium quo ipsam nam dolorum.
Quam neque rerum cum excepturi adipisci quasi. Eius repellendus quidem a totam adipisci molestias modi.
Saepe ab eum libero ducimus recusandae nemo. Velit maxime ipsum alias illo quas sint. Fuga expedita libero ratione vitae.
Quas expedita voluptate repellat omnis facilis quibusdam. Laboriosam odit fuga dolores dicta dignissimos quis quae. Rerum maxime repellendus suscipit. Magnam excepturi facilis nam accusamus delectus. Minima aliquid mollitia ipsum ducimus architecto iure unde.
Aliquid incidunt officiis aut iure maiores explicabo. Fugiat enim sunt nisi ut temporibus sequi. Sed repellat et adipisci nulla debitis rerum.
Dolores architecto aut quibusdam voluptatibus fugit dolores provident tempore. Amet corporis in a accusamus itaque vel dicta repellendus. Quos architecto totam sequi ea modi."
"5","3501 Snyder Center","Durhamside","CT","36784-9585","600","For Rent","Apartment","764224I3C5","958WY8","Perferendis nam blanditiis veritatis suscipit. Sed repellat ullam atque labore debitis."
"3","91969 Smith Dale Apt. 449","North Brianchester","SD","58581-2400","240000","For Sale","Apartment","6105355M7","958WY8","Voluptatum error neque voluptatum itaque quos perferendis magni. Praesentium quis nulla vitae officiis fuga nisi consequuntur. Minima suscipit dignissimos mollitia voluptas amet cumque in."
"557713319","1645 Thomas River","New Daniel","ME","38934","456000","For Sale","Residential","970018E1P4","143055320VB5","Non reiciendis quod quibusdam ut nulla reprehenderit. Modi aspernatur perspiciatis explicabo eaque natus vitae. Iste id nisi exercitationem quae. Fugiat deserunt praesentium vitae recusandae ipsa repellat ratione aliquid.
Facilis ullam aliquid magnam possimus libero numquam. Minima magni dolores dolores maiores magni fuga illo. Ipsam repellendus aut qui.
Ducimus eaque harum voluptatibus illum sit earum. Rerum non perferendis magnam provident at voluptatum.
Explicabo similique qui at voluptatum excepturi nesciunt. Unde tenetur iusto vero sapiente pariatur dolores. Aliquid pariatur cum eum doloremque minus numquam quae dolorum."
"9","4806 Joseph Loaf Suite 110","Elizabethfurt","FM","50211","1100","For Rent","Apartment","60336QA7","143055320VB5","Veniam asperiores quis tempora vitae. Magni odit ipsum ea harum. Quidem consectetur doloremque iure laborum. Et laudantium ratione praesentium repudiandae.
Ipsum neque similique iste asperiores quo. Voluptatum doloremque nulla ex maxime. Veritatis maiores occaecati dolorem molestias nam ipsum quod.
Reprehenderit doloremque eum itaque dolorum. Eaque quaerat occaecati iusto suscipit facere error. Nemo exercitationem facere cumque.
Tenetur voluptate quasi doloribus magnam culpa nobis aspernatur. Quas reprehenderit nulla non ex repellat vel libero soluta. Voluptatibus pariatur iste sapiente neque nisi ab modi. Accusantium sit explicabo dolorum perspiciatis."
"5438","114 Garcia Pass Apt. 723","East Matthew","ID","72255","1550","For Rent","Residential","788C2X1","195E47","Dicta animi harum fugiat architecto. Minus voluptas eaque natus ad laborum at. Ipsa esse asperiores error mollitia. Ratione blanditiis maxime mollitia quisquam.
Rerum dolor sequi aperiam quisquam. Necessitatibus quia iste sit eius at blanditiis. Voluptatibus molestias repudiandae illum maxime consequuntur culpa.
Quas corrupti aut deserunt autem laboriosam et. Omnis ipsum maxime quidem id hic consequatur eligendi mollitia. Officiis commodi deleniti pariatur suscipit. Nam fuga soluta neque.
Beatae necessitatibus placeat soluta dicta tempora. Magni dolores minus sint eveniet. Minus ipsam fuga dolor quia eos. Quibusdam suscipit debitis non sequi.
Facere earum consectetur cumque velit. Necessitatibus quas molestias sunt debitis eum. Sit dolores quas praesentium dolores omnis magni iure."
